{
    "And": [[[2.06499, 42.3297], [1.1622, 35.6206], [0.65547, 30.861], [0.13979, 29.0904]], [[0.95345, 23.4176], [0.78898, 24.2672], [0.64259, 29.3118], [0.65547, 30.861], [0.61468, 33.7193], [23.63561, 43.2681], [23.03202, 42.326]], [[23.63561, 43.2681], [23.67347, 44.3339], [23.62607, 46.4582]], [[1.1622, 35.6206], [0.94589, 38.4993], [0.83023, 41.0789], [1.15837, 47.2418], [1.63321, 48.6282]], [[23.67347, 44.3339], [23.76723, 46.4203]]], 
    "Ant": [[[9.48742, -35.9513], [10.45253, -31.0678], [10.94529, -37.1378]]], 
    "Aps": [[[14.7977, -79.0448], [16.33911, -78.6957], [16.71796, -77.5174], [16.55752, -78.8971]]], 
    "Aqr": [[[20.7946, -9.4958], [20.87757, -8.9833], [21.52598, -5.5712], [22.0964, -0.3199], [22.36094, -1.3873], [22.48053, -0.02], [22.58927, -0.1175], [22.87691, -7.5796], [23.29839, -9.1825], [23.15745, -21.1724]], [[21.52598, -5.5712], [22.10729, -13.8697]], [[22.0964, -0.3199], [22.28057, -7.7833]], [[22.48053, -0.02], [22.42129, 1.3774]], [[23.38284, -20.1006], [23.29839, -9.1825], [23.69606, -17.8165]]], 
    "Aql": [[[19.77099, 10.6133], [19.84639, 8.8683], [19.92189, 6.4068], [20.18841, -0.8215], [19.87455, 1.0057], [19.42497, 3.1148], [19.09017, 13.8635], [19.84639, 8.8683], [19.42497, 3.1148], [19.10415, -4.8826]]], 
    "Ara": [[[17.42324, -56.3777], [17.51831, -60.6838], [16.82977, -59.0414], [16.977, -55.9901], [16.99307, -53.1604], [17.53069, -49.8761], [17.42167, -55.5299]]], 
    "Ari": [[[2.83307, 27.2605], [2.11956, 23.4624], [1.91067, 20.808], [1.89217, 19.2939]]], 
    "Aur": [[[5.99215, 44.9474], [5.27815, 45.998], [5.10858, 41.2345], [4.94989, 33.1661], [5.4382, 28.6075], [5.99535, 37.2126], [5.99215, 44.9474], [5.99212, 54.2847], [5.27815, 45.998], [5.03281, 43.8233], [5.0413, 41.0758]]], 
    "Boo": [[[13.78771, 17.4569], [13.91141, 18.3977], [14.26102, 19.1824], [14.5305, 30.3714], [14.53463, 38.3083], [15.03243, 40.3906], [15.25838, 33.3148], [14.74978, 27.0742], [14.26102, 19.1824], [14.68582, 13.7283]], [[14.53463, 38.3083], [14.27306, 46.0883], [14.22439, 51.7879], [14.41995, 51.8507], [14.27306, 46.0883]]], 
    "Cae": [[[4.51391, -44.9537], [4.67603, -41.8638], [4.70097, -37.1443], [5.07345, -35.483]]], 
    "Cam": [[[4.95478, 53.7521], [5.05697, 60.4422], [4.90083, 66.3427], [3.83931, 71.3323], [3.82535, 65.526], [3.48448, 59.9403]], [[4.90083, 66.3427], [6.31411, 69.3198], [7.00112, 76.9774]]], 
    "Cnc": [[[8.97479, 11.8577], [8.74475, 18.1543], [8.72143, 21.4685], [8.77777, 28.7651]], [[8.74475, 18.1543], [8.27525, 9.1855]]], 
    "CVn": [[[12.93346, 38.3149], [12.56237, 41.3575]]], 
    "CMa": [[[6.37833, -17.9559], [6.75248, -16.7161], [7.05041, -23.8333], [7.13986, -26.3932], [7.02865, -27.9348], [6.9771, -28.9721], [6.33855, -30.0634]], [[7.40159, -29.3031], [7.13986, -26.3932]], [[6.75248, -16.7161], [6.93562, -17.0542], [7.06264, -15.6333], [6.90317, -12.0386], [6.93562, -17.0542]]], 
    "CMi": [[[7.65503, 5.225], [7.45251, 8.2893]]], 
    "Cap": [[[20.29413, -12.5082], [20.35019, -14.7814], [20.48101, -17.8137], [20.76826, -25.2709], [20.86369, -26.9191], [21.44445, -22.4113], [21.78401, -16.1273], [21.66818, -16.6623], [21.37078, -16.8345], [21.09912, -17.2329], [20.29413, -12.5082]]], 
    "Car": [[[6.62935, -43.1959], [6.3992, -52.6957], [9.21999, -69.7172], [10.22895, -70.0379], [10.71595, -64.3945], [10.53374, -61.6853], [10.28471, -61.3323], [9.28483, -59.2752], [8.37523, -59.5095], [7.94631, -52.9824], [8.15887, -47.3366], [8.74506, -54.7088], [9.28483, -59.2752]], [[10.71595, -64.3945], [11.10901, -62.4241], [11.14278, -61.9472], [11.21001, -60.3176], [11.14317, -58.975], [10.89157, -58.8532], [10.53374, -61.6853]]], 
    "Cas": [[[1.90659, 63.6701], [1.43027, 60.2353], [0.94515, 60.7167], [0.67512, 56.5373], [0.15297, 59.1498]]], 
    "Cen": [[[11.35011, -54.491], [12.13931, -50.7224], [12.46733, -50.2306], [12.69195, -48.9599], [13.66479, -53.4664], [13.92566, -47.2884], [13.82694, -42.4737], [13.82508, -41.6877], [14.11137, -36.37], [14.59179, -42.1578], [14.98603, -42.1042]], [[13.82508, -41.6877], [13.34328, -36.7123]], [[14.65975, -60.8372], [13.66479, -53.4664], [14.06373, -60.373]], [[12.46733, -50.2306], [12.1942, -52.3685], [11.52947, -59.4421]]], 
    "Cep": [[[20.49303, 62.9941], [20.75483, 61.8388], [21.30966, 62.5856], [21.72513, 58.78], [22.25061, 57.0436], [22.18091, 58.2013], [22.48619, 58.4152], [22.82801, 66.2004], [23.65579, 77.6323], [21.47767, 70.5607], [21.30966, 62.5856]], [[21.47767, 70.5607], [22.82801, 66.2004]]], 
    "Cet": [[[2.72168, 3.2358], [2.59791, 5.5932], [2.46932, 8.4601], [2.74904, 10.1141], [2.99525, 8.9074], [3.03799, 4.0897], [2.72168, 3.2358], [2.65805, 0.3285], [2.32244, -2.9776], [1.85767, -10.335], [1.73447, -15.9375], [0.72649, -17.9866], [0.3238, -8.8239], [1.14317, -10.1823], [1.40039, -8.1833], [1.85767, -10.335]]], 
    "Cha": [[[8.30877, -76.9197], [10.59114, -78.6078], [10.75453, -80.4696], [12.30579, -79.3122], [11.99377, -78.2218], [10.59114, -78.6078]]], 
    "Cir": [[[15.2919, -58.8012], [14.70845, -64.9751], [15.38963, -59.3208]]], 
    "Col": [[[6.36857, -33.4364], [5.84933, -35.7683], [5.66081, -34.0741], [5.52021, -35.4705]], [[5.84933, -35.7683], [5.98578, -42.8151]]], 
    "Com": [[[13.16647, 17.5294], [13.19789, 27.8782], [12.44897, 28.2684]]], 
    "CrA": [[[18.97871, -37.1074], [19.10697, -37.0634], [19.15787, -37.9045], [19.16715, -39.3408], [19.13916, -40.4967], [19.05191, -42.0951], [18.82639, -43.4341], [18.55839, -42.3125]]], 
    "CrB": [[[15.54883, 31.3591], [15.46381, 29.1057], [15.57813, 26.7147], [15.71238, 26.2956], [15.82657, 26.0684], [15.95979, 26.8779], [16.02405, 29.8511]]], 
    "Crv": [[[12.14023, -24.7289], [12.16875, -22.6198], [12.26343, -17.5419], [12.49774, -16.5154], [12.57312, -23.3968], [12.16875, -22.6198]]], 
    "Crt": [[[11.61137, -9.8022], [11.41017, -10.8593], [11.32235, -14.7785], [10.99624, -18.2988], [11.1943, -22.8258], [11.38941, -18.78], [11.4147, -17.684], [11.74605, -18.3507], [11.9336, -17.1508]], [[11.32235, -14.7785], [11.4147, -17.684]]], 
    "Cru": [[[12.79535, -59.6888], [12.25242, -58.7489]], [[12.44331, -63.0991], [12.51943, -57.1132]]], 
    "Cyg": [[[21.21561, 30.2269], [20.77019, 33.9703], [20.37047, 40.2567], [19.74958, 45.1308], [19.4951, 51.7298], [19.28505, 53.3685]], [[20.69053, 45.2803], [20.37047, 40.2567], [19.93843, 35.0834], [19.51202, 27.9597]]], 
    "Del": [[[20.55355, 11.3033], [20.62582, 14.5951], [20.66063, 15.9121], [20.77746, 16.1241], [20.72431, 15.0746], [20.62582, 14.5951]]], 
    "Dor": [[[4.26711, -51.4866], [4.56661, -55.045], [5.56042, -62.4898], [5.74621, -65.7355], [5.90168, -63.0896], [5.56042, -62.4898], [5.09185, -57.4727], [4.56661, -55.045]]], 
    "Dra": [[[17.89215, 56.8726], [17.94343, 51.4889], [17.50721, 52.3014], [17.53779, 55.173], [17.89215, 56.8726], [19.20925, 67.6615], [18.34595, 71.3378], [17.14644, 65.7147], [16.39986, 61.5142], [16.03149, 58.5653], [15.41549, 58.9661], [14.07315, 64.3759], [12.55804, 69.7882], [11.52339, 69.3311]], [[18.34595, 71.3378], [18.35094, 72.7328]], [[19.20925, 67.6615], [19.80287, 70.2679]]], 
    "Equ": [[[21.26373, 5.2478], [21.24134, 10.007], [21.17236, 10.1316]]], 
    "Eri": [[[5.13083, -5.0864], [4.75837, -3.2547], [4.60532, -3.3525], [4.19776, -6.8376], [3.96716, -13.5085], [3.76904, -12.1016], [3.72081, -9.7634], [3.54885, -9.4583], [2.94046, -8.8981], [2.73537, -13.8587], [2.75172, -18.5726], [3.03986, -23.6245], [3.32528, -21.7579], [3.56313, -21.6329], [3.7808, -23.2497], [4.59251, -30.5623], [4.40061, -34.0168], [4.29824, -33.7983], [3.82423, -36.2003], [3.61825, -40.2745], [3.33213, -43.0698], [2.97102, -40.3047], [2.67779, -39.8554], [2.44975, -47.7038], [2.27516, -51.5122], [1.93263, -51.6089], [1.62857, -57.2368]]], 
    "For": [[[3.20126, -28.9876], [2.81817, -32.4059], [2.07485, -29.2968]]],